ts,t_rel_s,event,phase,fps,cpu,rss_mb,cache_count,cache_mb,init_ms,reset_ms,gameover_ms
1761496676.185232,0.0006369999999833453,S1_start,S1_start,0.0,0.0,0.0,0,0.0,,,
1761496676.207993,0.023397499999987303,init_done,init_startup,0.0,0.0,0.0,35,0.05092620849609375,22.5967919999448,,
1761496676.2552478,0.07065370800000892,,play,14.285714285714285,86.8,138.919936,35,0.0534,,,
1761496677.274286,1.0896996660000013,,play,25.73987425568037,13.1,141.950976,35,0.0534,,,
1761496679.192885,3.008308665999948,,play,7.826577960307471,5.5,141.80352,35,0.0534,,,
1761496680.2105448,4.025975000000017,,play,24.193697986047667,7.0,141.934592,35,0.0534,,,
1761496681.2264981,5.041933624999956,,play,28.20131239247533,7.8,142.344192,35,0.0534,,,
1761496682.2455602,6.061003082999946,,play,29.16113480442222,13.8,142.45888,35,0.0534,,,
1761496683.2673862,7.08283466599994,,play,28.749997457074997,11.2,158.777344,35,0.0534,,,
1761496684.286665,8.102121041000032,,play,29.27694919855752,11.6,158.84288,36,0.0546,,,
1761496685.304151,9.119614124999998,,play,29.427084347461324,13.2,158.875648,41,0.0606,,,
1761496686.322197,10.137665999999967,,play,29.45349932466265,14.9,159.203328,41,0.0606,,,
1761496687.342794,11.158268749999934,,play,29.4440317589529,14.7,159.236096,41,0.0606,,,
1761496688.359093,12.174573749999922,,play,29.48316050292883,12.1,159.465472,41,0.0606,,,
1761496689.3744042,13.189891624999973,,play,29.543167510094214,12.6,159.465472,41,0.0606,,,
1761496690.391677,14.207169375000035,,play,29.554624666374114,13.1,159.465472,41,0.0606,,,
1761496691.408277,15.223776583000017,,play,29.520379341349308,13.4,159.481856,41,0.0606,,,
1761496692.4252212,16.24072641600003,,play,29.485313602362847,13.2,160.055296,41,0.0606,,,
1761496693.446461,17.261973291000004,,play,29.418476481350783,11.8,160.055296,41,0.0606,,,
1761496694.4649742,18.28049083299993,,play,29.425101011361303,13.2,160.038912,41,0.0606,,,
1761496695.4833012,19.29882550000002,,play,29.446399715092966,8.7,160.038912,41,0.0606,,,
1761496696.5035641,20.319095665999953,,play,29.411598431793532,15.0,160.088064,41,0.0606,,,
1761496697.521182,21.33671800000002,,play,29.45201002045062,13.1,155.025408,41,0.0606,,,
1761496698.538156,22.353699457999937,,play,29.477613369905125,15.4,155.041792,41,0.0606,,,
1761496699.558398,23.373948541000004,,play,29.422769956154486,17.8,155.041792,41,0.0606,,,
1761496700.2388391,24.054390207999973,S1_end_reset_done,S1_end_reset_done,29.4272186521576,16.2,155.041792,41,0.05779266357421875,,0.14841600000181643,
1761496700.5769348,24.392490374999966,,play,29.424242811076116,14.3,155.041792,41,0.0606,,,
1761496701.598432,25.41399370800002,,play,29.407603716797826,15.2,155.041792,41,0.0606,,,
1761496703.380803,27.196374790999926,,play,8.082128789257315,5.2,154.681344,41,0.0606,,,
1761496704.399956,28.215535749999958,,play,24.252359108796103,13.3,155.140096,41,0.0606,,,
1761496705.418932,29.234515999999985,,play,28.168302708370256,18.6,157.515776,41,0.0606,,,
1761496706.4406679,30.256258375000016,,play,29.10976318468844,12.5,157.089792,41,0.0606,,,
1761496707.4572291,31.272828249999975,,play,29.40060375743702,12.9,157.515776,41,0.0606,,,
1761496708.4793239,32.29492816599998,,play,29.353038394056757,14.4,155.140096,41,0.0606,,,
1761496709.497949,33.31355908299997,,play,29.41159470121125,15.0,155.140096,41,0.0606,,,
1761496710.515316,34.33093429099995,,play,29.458648671539606,15.4,155.222016,41,0.0606,,,
1761496711.531757,35.34737870799995,,play,29.49387663131874,13.6,155.205632,41,0.0606,,,
1761496712.5504498,36.36607874999993,,play,29.474161983926702,15.2,155.189248,41,0.0606,,,
1761496713.5676181,37.383252374999984,,play,29.477039253367295,16.1,155.205632,41,0.0606,,,
1761496714.5870368,38.40267766599993,,play,29.43342663635554,16.9,155.205632,41,0.0606,,,
1761496715.606049,39.42169529099999,,play,29.45505925747381,15.3,155.189248,41,0.0606,,,
1761496716.6247208,40.44037545799995,,play,29.452147697669872,16.6,155.189248,41,0.0606,,,
1761496717.644525,41.46018470799993,,play,29.453715139157094,16.5,155.189248,41,0.0606,,,
1761496718.6642199,42.479887582999936,,play,29.421965530000044,18.1,155.189248,41,0.0606,,,
1761496719.683695,43.499366915999985,,play,29.424897874460235,16.5,155.189248,41,0.0606,,,
1761496720.702931,44.51860887499993,,play,29.410181972631786,17.1,155.189248,41,0.0606,,,
1761496721.721911,45.53759416599996,,play,29.44939915705185,18.0,155.271168,41,0.0606,,,
1761496722.7413409,46.55703095799993,,play,29.464128221379752,16.4,155.254784,41,0.0606,,,
1761496723.7615051,47.57720174999997,,play,29.424497613985466,17.2,155.287552,41,0.0606,,,
1761496724.781112,48.59681604100001,,play,29.411217137835198,16.8,155.2384,41,0.0606,,,
1761496725.802239,49.61794970799997,,play,29.41687130973708,16.6,155.205632,41,0.0606,,,
1761496726.82246,50.638176499999986,,play,29.412675229568272,15.4,155.205632,41,0.0606,,,
1761496727.84238,51.658100874999946,,play,29.423872754042247,12.5,155.205632,41,0.0606,,,
1761496728.861151,52.67687883299993,,play,29.461615860382285,15.8,155.205632,41,0.0606,,,
1761496729.880499,53.696232957999996,,play,29.456963808819282,13.0,155.205632,41,0.0606,,,
1761496729.881682,53.69741358299996,S2_end_reset_done,S2_end_reset_done,29.456963808819282,13.0,155.205632,41,0.05779266357421875,,0.09587499994268,
1761496730.900157,54.715896541000006,,play,29.437602785456658,12.1,155.222016,41,0.0606,,,
1761496731.918964,55.73471016600001,,play,29.449286451634475,11.4,155.2384,41,0.0606,,,
1761496732.938221,56.75397341600001,,play,29.449402912975867,12.7,155.2384,41,0.0606,,,
1761496733.9605818,57.77634183299995,,play,29.375719742658294,13.0,155.2384,41,0.0606,,,
1761496734.979072,58.79483716599998,,play,29.426436354027082,11.2,155.2384,41,0.0606,,,
1761496735.9969091,59.812680874999955,,play,29.483891077577915,12.6,155.2384,41,0.0606,,,
1761496737.015433,60.831210415999976,,play,29.449929102844866,10.8,155.2384,41,0.0606,,,
1761496738.0384,61.85418445799996,,play,29.394085406687847,13.8,155.254784,41,0.0606,,,
1761496739.058464,62.87425525000003,,play,29.40041671601956,14.4,155.254784,41,0.0606,,,
1761496740.077646,63.893441166,,play,29.39479801155525,12.3,155.254784,41,0.0606,,,
1761496741.094239,64.91004075000001,,play,29.47671802999413,12.2,155.254784,41,0.0606,,,
1761496742.1125948,65.92840241599993,,play,29.44282153730318,12.0,155.303936,41,0.0606,,,
1761496743.134353,66.95016716600003,,play,29.388152974866106,11.5,155.287552,41,0.0606,,,
1761496744.156,67.97182079100003,,play,29.356879416061528,16.1,155.287552,41,0.0606,,,
1761496745.173611,68.98943724999992,,play,29.43919747503406,14.0,155.287552,41,0.0606,,,
1761496746.190777,70.00661095800001,,play,29.478466301178976,15.0,155.303936,41,0.0606,,,
1761496747.21005,71.025890333,,play,29.446111208967853,15.2,155.303936,41,0.0606,,,
1761496748.226794,72.042641333,,play,29.497987012732697,16.0,155.303936,41,0.0606,,,
1761496749.24913,73.06498320799994,,play,29.397450000610114,14.6,155.303936,41,0.0606,,,
1761496750.267967,74.08382604099995,,play,29.446683655609828,17.1,155.303936,41,0.0606,,,
1761496751.290952,75.10681675000001,,play,29.35841573706064,16.8,155.303936,41,0.0606,,,
1761496752.309878,76.12574925000001,,play,29.417522384002122,17.4,155.336704,41,0.0606,,,
1761496753.330754,77.14663216600002,,play,29.387122120163568,15.3,155.336704,41,0.0606,,,
1761496754.350879,78.16676199999995,,play,29.407981920828963,16.1,155.32032,41,0.0606,,,
1761496755.37099,79.18687920799994,,play,29.419627806014333,17.1,155.32032,43,0.06212,,,
1761496756.3910668,80.20696224999995,,play,29.435420323461187,10.8,155.32032,43,0.06212,,,
1761496757.40253,81.21843224999998,,play,29.585626695520062,12.3,155.32032,43,0.06212,,,
1761496758.4210181,82.23692433299993,,play,29.5103089877587,10.8,155.32032,44,0.06332,,,
1761496759.438373,83.25428729099997,,play,29.479224376737793,13.3,155.32032,48,0.06812,,,
1761496760.4554398,84.27135995799995,,play,29.504308472479583,11.9,155.32032,48,0.06812,,,
1761496761.47404,85.28996741599997,,play,29.47751146958998,11.2,155.32032,48,0.06812,,,
1761496762.490377,86.30631087500001,,play,29.50233776669857,11.4,155.32032,48,0.06812,,,
1761496763.508492,87.32442991599999,,play,29.46029906617419,13.2,155.648,48,0.06812,,,
1761496764.525665,88.34161004099997,,play,29.489956286813346,13.1,155.648,48,0.06812,,,
1761496765.545674,89.36162475000003,,play,29.433762903379993,13.2,155.664384,48,0.06812,,,
1761496766.5632849,90.37924350000003,,play,29.47623846160346,12.6,155.680768,48,0.06812,,,
1761496767.582635,91.39859845799992,,play,29.43716568253783,12.8,155.680768,48,0.06812,,,
1761496768.595906,92.41187558299998,,play,29.5400910397939,12.7,155.680768,48,0.06812,,,
1761496769.613774,93.42975187499997,,play,29.483425701275788,12.2,155.680768,48,0.06812,,,
1761496770.633677,94.44965904100002,,play,29.420587902070807,11.8,155.680768,48,0.06812,,,
1761496771.650736,95.46672404100002,,play,29.48168090701525,11.6,155.680768,48,0.06812,,,
1761496772.669905,96.485900625,,play,29.4407379383907,11.8,155.680768,48,0.06812,,,
1761496773.6889112,97.50491291599997,,play,29.435511261873952,9.8,155.680768,48,0.06812,,,
1761496774.7087722,98.52477879100002,,play,29.41753900717466,9.7,155.680768,48,0.06812,,,
1761496775.725514,99.54152699999997,,play,29.466639296268824,9.7,155.680768,48,0.06812,,,
1761496776.742173,100.55819262499995,,play,29.459061917493724,9.6,155.680768,48,0.06812,,,
1761496777.758461,101.574487041,,play,29.49732481736373,9.8,155.680768,48,0.06812,,,
1761496778.7778711,102.59390187500003,,play,29.46560524418,9.0,155.680768,48,0.06812,,,
1761496779.1621902,102.97822291599994,S3_end_gameover_done,S3_end_gameover_done,29.451437655859422,9.0,155.680768,48,0.06496429443359375,,,9.971959000040442
1761496779.794729,103.61076779099994,,play,29.504678101928604,9.4,157.564928,48,0.06812,,,
1761496780.8155332,104.63157704100001,,play,29.423691955334583,8.7,157.581312,48,0.06812,,,
1761496781.833067,105.64911737499995,,play,29.461616455366872,10.1,157.581312,48,0.06812,,,
1761496782.85037,106.66642670800002,,play,29.46810576252327,10.5,157.630464,48,0.06812,,,
1761496783.864938,107.68100099999992,,play,29.579760078056406,11.6,157.630464,48,0.06812,,,
1761496784.878198,108.694267416,,play,29.562606775880027,10.1,157.630464,48,0.06812,,,
1761496785.895754,109.71182920799993,,play,29.531210037987716,11.4,157.630464,48,0.06812,,,
1761496786.909326,110.72540683299997,,play,29.568365206929464,11.2,157.728768,48,0.06812,,,
1761496787.9229598,111.73904766600003,,play,29.59453636954029,10.9,157.712384,48,0.06812,,,
1761496788.938687,112.75478062499997,,play,29.581340466224724,10.8,157.712384,48,0.06812,,,
1761496789.9575198,113.77362074999996,,play,29.463705841505657,11.5,157.745152,48,0.06812,,,
1761496790.976605,114.79271025000003,,play,29.437891795128273,11.5,157.728768,48,0.06812,,,
1761496791.9979148,115.814026958,,play,29.38811309934861,10.9,157.810688,48,0.06812,,,
1761496793.013799,116.82991687499998,,play,29.487464227525777,10.6,157.810688,48,0.06812,,,
1761496794.031214,117.84733766599993,,play,29.477345709094067,7.9,157.827072,48,0.06812,,,
1761496795.0490959,118.86522708299992,,play,29.51390396998406,12.0,157.827072,48,0.06812,,,
1761496796.066696,119.88283308299992,,play,29.512844720984813,11.9,157.843456,48,0.06812,,,
1761496797.0800908,120.89623404099996,,play,29.5486996459565,10.5,157.843456,48,0.06812,,,
1761496798.098759,121.91490929099996,,play,29.49697241993575,12.0,157.827072,48,0.06812,,,
1761496799.120241,122.936396833,,play,29.387940677669405,11.9,157.827072,48,0.06812,,,
1761496800.136356,123.95251695799993,,play,29.47818687455234,7.4,157.827072,48,0.06812,,,
1761496801.154301,124.97046795799997,,play,29.475409112384998,7.9,157.843456,48,0.06812,,,
1761496802.169644,125.98581841600003,,play,29.5023059129143,11.4,157.843456,48,0.06812,,,
1761496803.18834,127.00452058299993,,play,29.432968602715068,11.3,157.827072,48,0.06812,,,
1761496804.206239,128.02242554099996,,play,29.457172049800292,10.6,157.827072,48,0.06812,,,
1761496805.224017,129.04020937500002,,play,29.4661408190744,11.7,157.843456,48,0.06812,,,
1761496806.242521,130.05872,,play,29.438484714764716,12.6,157.827072,48,0.06812,,,
1761496807.2602189,131.07642595799996,,play,29.443689526270642,12.1,157.85984,48,0.06812,,,
1761496808.275525,132.09173591599995,,play,29.519804722052378,12.9,157.85984,48,0.06812,,,
1761496809.292882,133.10910083299996,,play,29.495960189271486,11.8,157.85984,48,0.06812,,,
1761496810.3095272,134.125750875,,play,29.52390835093225,11.9,157.85984,48,0.06812,,,
1761496811.329149,135.14537999999993,,play,29.43526016732821,12.8,157.85984,48,0.06812,,,
1761496812.3478851,136.16412200000002,,play,29.468527295712377,13.2,157.85984,48,0.06812,,,
1761496813.367009,137.18325212499997,,play,29.413289466548402,12.7,157.876224,48,0.06812,,,
1761496814.3881059,138.20435533299997,,play,29.386094254050867,13.7,157.958144,48,0.06812,,,
1761496815.406969,139.22322329099995,,play,29.42146524808187,10.1,157.958144,48,0.06812,,,
1761496816.425406,140.24166658299998,,play,29.436569876162856,12.9,157.958144,48,0.06812,,,
1761496817.441251,141.25751787499996,,play,29.51112365629541,11.9,157.958144,48,0.06812,,,
1761496818.462728,142.279001375,,play,29.40589576326463,11.7,157.958144,48,0.06812,,,
1761496819.476863,143.29314329099998,,play,29.540649308552943,11.6,157.958144,48,0.06812,,,
1761496820.493484,144.30977029099995,,play,29.542211661787906,11.5,157.958144,48,0.06812,,,
1761496821.508568,145.32486070799996,,play,29.529796643736557,11.3,157.958144,48,0.06812,,,
1761496822.5273678,146.343666041,,play,29.46735026065427,11.5,157.958144,48,0.06812,,,
1761496823.546218,147.36252254099998,,play,29.43383891304521,12.7,157.958144,49,0.06932,,,
1761496824.56413,148.38044170800003,,play,29.46698739097386,11.9,157.958144,49,0.06932,,,
1761496825.583141,149.39945858299996,,play,29.43914097680399,13.9,157.958144,50,0.07052,,,
1761496826.602186,150.418509125,,play,29.439077958380377,14.6,157.958144,50,0.07052,,,
1761496827.619746,151.43607458299994,,play,29.52260569331137,14.0,157.958144,50,0.07052,,,
1761496828.641942,152.458278125,,play,29.399372853877512,14.7,157.958144,50,0.07052,,,
1761496829.6611211,153.47746337499996,,play,29.44676712510039,13.1,157.958144,50,0.07052,,,
1761496830.676743,154.49309162500003,,play,29.518386630585127,12.9,157.958144,50,0.07052,,,
1761496831.693706,155.51006087500002,,play,29.518116149505143,13.3,157.958144,50,0.07052,,,
1761496832.712194,156.52855387499994,,play,29.46631571827442,12.6,157.958144,50,0.07052,,,
1761496833.729337,157.54570587499995,,play,29.498517810454313,18.9,157.974528,50,0.07052,,,
1761496835.211393,159.02776925,,play,8.050738229810769,7.7,157.581312,50,0.07052,,,
1761496835.212922,159.02929691600002,S4_end_Game_clear,S4_end_Game_clear,8.050738229810769,7.7,157.581312,0,0.0,,,
